Workbook

Sheet Cover
B2: AML / KYC TRANSACTION MONITORING
B3: Suspicious Activity Scoring · Country Risk · SAR Queue
B5: Rule-based transaction monitoring engine that screens a 200-row transaction log against AML red-flag criteria: large cash movements, structuring near $10K, high-risk jurisdictions, PEP exposure, velocity spikes, and round-number patterns. Each transaction gets a composite risk score (0–100) computed via weighted SUMPRODUCT of rule hits. Transactions scoring above threshold are auto-flagged and pushed to a SAR queue by a VBA macro. Demonstrates the analytical toolkit expected in an AML Investigator, Compliance Analyst, or Financial Crime role.

Sheet Reference
B2: COUNTRY RISK TIERS | F2: TRANSACTION TYPE RISK
B3: Country | C3: Tier | D3: Score | F3: Type | G3: Base Score
B4: Canada | C4: Low | D4: 5 | F4: Wire Transfer | G4: 10
B5: USA | C5: Low | D5: 5 | F5: Cash Deposit | G5: 15
B6: UK | C6: Low | D6: 5 | F6: Cash Withdrawal | G6: 15
B7: Germany | C7: Low | D7: 5 | F7: ACH | G7: 5
B8: Japan | C8: Low | D8: 5 | F8: Cheque | G8: 5
B9: Australia | C9: Low | D9: 5 | F9: International Wire | G9: 20
B10: Singapore | C10: Low | D10: 5 | F10: Crypto On-Ramp | G10: 25
B11: France | C11: Low | D11: 5 | F11: Money Order | G11: 20
B12: UAE | C12: Medium | D12: 15
B13: India | C13: Medium | D13: 15
B14: Brazil | C14: Medium | D14: 15
B15: Mexico | C15: Medium | D15: 15
B16: China | C16: Medium | D16: 15
B17: Turkey | C17: Medium | D17: 15
B18: Cyprus | C18: High | D18: 30
B19: Panama | C19: High | D19: 30
B20: Cayman Islands | C20: High | D20: 30
B21: BVI | C21: High | D21: 30
B22: Russia | C22: Sanctioned | D22: 50
B23: North Korea | C23: Sanctioned | D23: 50
B24: Iran | C24: Sanctioned | D24: 50
B28: RULE WEIGHTS (adjustable)
B29: Amount > $10,000 | C29: 25 | D29: points
B30: Amount $9,000–$9,999 (structuring) | C30: 30 | D30: points
B31: Round number ($1K multiple) | C31: 10 | D31: points
B32: After-hours (before 7am / after 9pm) | C32: 10 | D32: points
B33: Weekend transaction | C33: 8 | D33: points
B34: PEP Flagged Counterparty | C34: 25 | D34: points
B35: High velocity (>10 txns/day) | C35: 15 | D35: points
B38: SAR Threshold Score | C38: 60

Sheet Transactions
B2: TRANSACTION LOG (auto-scored)
B4: Txn ID | C4: Date | D4: Time | E4: Customer ID | F4: Amount ($) | G4: Type | H4: Country | I4: PEP? | J4: Country Score | K4: Type Score | L4: Risk Score | M4: SAR Flag
B5: TXN-10000 | C5: 46133 | D5: 03:30 | E5: CUST-1007 | F5: 9754 | G5: Cash Deposit | H5: BVI | I5: No | J5: =VLOOKUP(H5, Reference!$B$4:$D$24, 3, FALSE()) -> 30 | K5: =VLOOKUP(G5, Reference!$F$4:$G$11, 2, FALSE()) -> 15 | L5: =J5+K5+IF(F5>10000, WRuleAmt10k, 0)+IF(AND(F5>=9000, F5<=9999), WRuleStructure, 0)+IF(MOD(F5,1000)=0, WRuleRound, 0)+IF(OR(VALUE(LEFT(D5,2))<7, VALUE(LEFT(D5,2))>21), WRuleAfterHours, 0)+IF(WEEKDAY(C5,2)>5, WRuleWeekend, 0)+IF(I5="Yes", WRulePEP, 0)+IF(COUNTIFS($C$5:$C$204,C5,$E$5:$E$204,E5)>10, WRuleVelocity, 0) -> 85 | M5: =IF(L5>=SARThreshold,"REVIEW","OK") -> REVIEW
B6: TXN-10001 | C6: 46126 | D6: 01:00 | E6: CUST-1006 | F6: 9616 | G6: Wire Transfer | H6: BVI | I6: No | J6: =VLOOKUP(H6, Reference!$B$4:$D$24, 3, FALSE()) -> 30 | K6: =VLOOKUP(G6, Reference!$F$4:$G$11, 2, FALSE()) -> 10 | L6: =J6+K6+IF(F6>10000, WRuleAmt10k, 0)+IF(AND(F6>=9000, F6<=9999), WRuleStructure, 0)+IF(MOD(F6,1000)=0, WRuleRound, 0)+IF(OR(VALUE(LEFT(D6,2))<7, VALUE(LEFT(D6,2))>21), WRuleAfterHours, 0)+IF(WEEKDAY(C6,2)>5, WRuleWeekend, 0)+IF(I6="Yes", WRulePEP, 0)+IF(COUNTIFS($C$5:$C$204,C6,$E$5:$E$204,E6)>10, WRuleVelocity, 0) -> 80 | M6: =IF(L6>=SARThreshold,"REVIEW","OK") -> REVIEW
B7: TXN-10002 | C7: 46133 | D7: 22:45 | E7: CUST-1007 | F7: 5000 | G7: Wire Transfer | H7: Australia | I7: No | J7: =VLOOKUP(H7, Reference!$B$4:$D$24, 3, FALSE()) -> 5 | K7: =VLOOKUP(G7, Reference!$F$4:$G$11, 2, FALSE()) -> 10 | L7: =J7+K7+IF(F7>10000, WRuleAmt10k, 0)+IF(AND(F7>=9000, F7<=9999), WRuleStructure, 0)+IF(MOD(F7,1000)=0, WRuleRound, 0)+IF(OR(VALUE(LEFT(D7,2))<7, VALUE(LEFT(D7,2))>21), WRuleAfterHours, 0)+IF(WEEKDAY(C7,2)>5, WRuleWeekend, 0)+IF(I7="Yes", WRulePEP, 0)+IF(COUNTIFS($C$5:$C$204,C7,$E$5:$E$204,E7)>10, WRuleVelocity, 0) -> 35 | M7: =IF(L7>=SARThreshold,"REVIEW","OK") -> OK
B8: TXN-10003 | C8: 46123 | D8: 08:15 | E8: CUST-1030 | F8: 1774 | G8: Cash Deposit | H8: China | I8: No | J8: =VLOOKUP(H8, Reference!$B$4:$D$24, 3, FALSE()) -> 15 | K8: =VLOOKUP(G8, Reference!$F$4:$G$11, 2, FALSE()) -> 15 | L8: =J8+K8+IF(F8>10000, WRuleAmt10k, 0)+IF(AND(F8>=9000, F8<=9999), WRuleStructure, 0)+IF(MOD(F8,1000)=0, WRuleRound, 0)+IF(OR(VALUE(LEFT(D8,2))<7, VALUE(LEFT(D8,2))>21), WRuleAfterHours, 0)+IF(WEEKDAY(C8,2)>5, WRuleWeekend, 0)+IF(I8="Yes", WRulePEP, 0)+IF(COUNTIFS($C$5:$C$204,C8,$E$5:$E$204,E8)>10, WRuleVelocity, 0) -> 38 | M8: =IF(L8>=SARThreshold,"REVIEW","OK") -> OK
B9: TXN-10004 | C9: 46140 | D9: 11:30 | E9: CUST-1025 | F9: 50000 | G9: Cash Deposit | H9: China | I9: Yes | J9: =VLOOKUP(H9, Reference!$B$4:$D$24, 3, FALSE()) -> 15 | K9: =VLOOKUP(G9, Reference!$F$4:$G$11, 2, FALSE()) -> 15 | L9: =J9+K9+IF(F9>10000, WRuleAmt10k, 0)+IF(AND(F9>=9000, F9<=9999), WRuleStructure, 0)+IF(MOD(F9,1000)=0, WRuleRound, 0)+IF(OR(VALUE(LEFT(D9,2))<7, VALUE(LEFT(D9,2))>21), WRuleAfterHours, 0)+IF(WEEKDAY(C9,2)>5, WRuleWeekend, 0)+IF(I9="Yes", WRulePEP, 0)+IF(COUNTIFS($C$5:$C$204,C9,$E$5:$E$204,E9)>10, WRuleVelocity, 0) -> 90 | M9: =IF(L9>=SARThreshold,"REVIEW","OK") -> REVIEW
B10: TXN-10005 | C10: 46122 | D10: 20:30 | E10: CUST-1018 | F10: 9071 | G10: Wire Transfer | H10: France | I10: No | J10: =VLOOKUP(H10, Reference!$B$4:$D$24, 3, FALSE()) -> 5 | K10: =VLOOKUP(G10, Reference!$F$4:$G$11, 2, FALSE()) -> 10 | L10: =J10+K10+IF(F10>10000, WRuleAmt10k, 0)+IF(AND(F10>=9000, F10<=9999), WRuleStructure, 0)+IF(MOD(F10,1000)=0, WRuleRound, 0)+IF(OR(VALUE(LEFT(D10,2))<7, VALUE(LEFT(D10,2))>21), WRuleAfterHours, 0)+IF(WEEKDAY(C10,2)>5, WRuleWeekend, 0)+IF(I10="Yes", WRulePEP, 0)+IF(COUNTIFS($C$5:$C$204,C10,$E$5:$E$204,E10)>10, WRuleVelocity, 0) -> 45 | M10: =IF(L10>=SARThreshold,"REVIEW","OK") -> OK
B11: TXN-10006 | C11: 46115 | D11: 07:00 | E11: CUST-1012 | F11: 5000 | G11: Cash Withdrawal | H11: Mexico | I11: No | J11: =VLOOKUP(H11, Reference!$B$4:$D$24, 3, FALSE()) -> 15 | K11: =VLOOKUP(G11, Reference!$F$4:$G$11, 2, FALSE()) -> 15 | L11: =J11+K11+IF(F11>10000, WRuleAmt10k, 0)+IF(AND(F11>=9000, F11<=9999), WRuleStructure, 0)+IF(MOD(F11,1000)=0, WRuleRound, 0)+IF(OR(VALUE(LEFT(D11,2))<7, VALUE(LEFT(D11,2))>21), WRuleAfterHours, 0)+IF(WEEKDAY(C11,2)>5, WRuleWeekend, 0)+IF(I11="Yes", WRulePEP, 0)+IF(COUNTIFS($C$5:$C$204,C11,$E$5:$E$204,E11)>10, WRuleVelocity, 0) -> 40 | M11: =IF(L11>=SARThreshold,"REVIEW","OK") -> OK
B12: TXN-10007 | C12: 46134 | D12: 08:00 | E12: CUST-1019 | F12: 8851 | G12: ACH | H12: Australia | I12: No | J12: =VLOOKUP(H12, Reference!$B$4:$D$24, 3, FALSE()) -> 5 | K12: =VLOOKUP(G12, Reference!$F$4:$G$11, 2, FALSE()) -> 5 | L12: =J12+K12+IF(F12>10000, WRuleAmt10k, 0)+IF(AND(F12>=9000, F12<=9999), WRuleStructure, 0)+IF(MOD(F12,1000)=0, WRuleRound, 0)+IF(OR(VALUE(LEFT(D12,2))<7, VALUE(LEFT(D12,2))>21), WRuleAfterHours, 0)+IF(WEEKDAY(C12,2)>5, WRuleWeekend, 0)+IF(I12="Yes", WRulePEP, 0)+IF(COUNTIFS($C$5:$C$204,C12,$E$5:$E$204,E12)>10, WRuleVelocity, 0) -> 10 | M12: =IF(L12>=SARThreshold,"REVIEW","OK") -> OK
B13: TXN-10008 | C13: 46121 | D13: 20:44 | E13: CUST-1007 | F13: 1016 | G13: ACH | H13: USA | I13: No | J13: =VLOOKUP(H13, Reference!$B$4:$D$24, 3, FALSE()) -> 5 | K13: =VLOOKUP(G13, Reference!$F$4:$G$11, 2, FALSE()) -> 5 | L13: =J13+K13+IF(F13>10000, WRuleAmt10k, 0)+IF(AND(F13>=9000, F13<=9999), WRuleStructure, 0)+IF(MOD(F13,1000)=0, WRuleRound, 0)+IF(OR(VALUE(LEFT(D13,2))<7, VALUE(LEFT(D13,2))>21), WRuleAfterHours, 0)+IF(WEEKDAY(C13,2)>5, WRuleWeekend, 0)+IF(I13="Yes", WRulePEP, 0)+IF(COUNTIFS($C$5:$C$204,C13,$E$5:$E$204,E13)>10, WRuleVelocity, 0) -> 10 | M13: =IF(L13>=SARThreshold,"REVIEW","OK") -> OK
B14: TXN-10009 | C14: 46125 | D14: 08:15 | E14: CUST-1029 | F14: 5255 | G14: ACH | H14: Iran | I14: No | J14: =VLOOKUP(H14, Reference!$B$4:$D$24, 3, FALSE()) -> 50 | K14: =VLOOKUP(G14, Reference!$F$4:$G$11, 2, FALSE()) -> 5 | L14: =J14+K14+IF(F14>10000, WRuleAmt10k, 0)+IF(AND(F14>=9000, F14<=9999), WRuleStructure, 0)+IF(MOD(F14,1000)=0, WRuleRound, 0)+IF(OR(VALUE(LEFT(D14,2))<7, VALUE(LEFT(D14,2))>21), WRuleAfterHours, 0)+IF(WEEKDAY(C14,2)>5, WRuleWeekend, 0)+IF(I14="Yes", WRulePEP, 0)+IF(COUNTIFS($C$5:$C$204,C14,$E$5:$E$204,E14)>10, WRuleVelocity, 0) -> 55 | M14: =IF(L14>=SARThreshold,"REVIEW","OK") -> OK
B15: TXN-10010 | C15: 46141 | D15: 20:15 | E15: CUST-1008 | F15: 9762 | G15: Cheque | H15: Russia | I15: No | J15: =VLOOKUP(H15, Reference!$B$4:$D$24, 3, FALSE()) -> 50 | K15: =VLOOKUP(G15, Reference!$F$4:$G$11, 2, FALSE()) -> 5 | L15: =J15+K15+IF(F15>10000, WRuleAmt10k, 0)+IF(AND(F15>=9000, F15<=9999), WRuleStructure, 0)+IF(MOD(F15,1000)=0, WRuleRound, 0)+IF(OR(VALUE(LEFT(D15,2))<7, VALUE(LEFT(D15,2))>21), WRuleAfterHours, 0)+IF(WEEKDAY(C15,2)>5, WRuleWeekend, 0)+IF(I15="Yes", WRulePEP, 0)+IF(COUNTIFS($C$5:$C$204,C15,$E$5:$E$204,E15)>10, WRuleVelocity, 0) -> 85 | M15: =IF(L15>=SARThreshold,"REVIEW","OK") -> REVIEW
B16: TXN-10011 | C16: 46131 | D16: 12:15 | E16: CUST-1004 | F16: 1589 | G16: Wire Transfer | H16: Germany | I16: No | J16: =VLOOKUP(H16, Reference!$B$4:$D$24, 3, FALSE()) -> 5 | K16: =VLOOKUP(G16, Reference!$F$4:$G$11, 2, FALSE()) -> 10 | L16: =J16+K16+IF(F16>10000, WRuleAmt10k, 0)+IF(AND(F16>=9000, F16<=9999), WRuleStructure, 0)+IF(MOD(F16,1000)=0, WRuleRound, 0)+IF(OR(VALUE(LEFT(D16,2))<7, VALUE(LEFT(D16,2))>21), WRuleAfterHours, 0)+IF(WEEKDAY(C16,2)>5, WRuleWeekend, 0)+IF(I16="Yes", WRulePEP, 0)+IF(COUNTIFS($C$5:$C$204,C16,$E$5:$E$204,E16)>10, WRuleVelocity, 0) -> 23 | M16: =IF(L16>=SARThreshold,"REVIEW","OK") -> OK
... B204: TXN-10199 | C204: 46135 | D204: 14:30 | E204: CUST-1021 | F204: 1000 | G204: Cheque | H204: India | I204: No | J204: =VLOOKUP(H204, Reference!$B$4:$D$24, 3, FALSE()) -> 15 | K204: =VLOOKUP(G204, Reference!$F$4:$G$11, 2, FALSE()) -> 5 | L204: =J204+K204+IF(F204>10000, WRuleAmt10k, 0)+IF(AND(F204>=9000, F204<=9999), WRuleStructure, 0)+IF(MOD(F204,1000)=0, WRuleRound, 0)+IF(OR(VALUE(LEFT(D204,2))<7, VALUE(LEFT(D204,2))>21), WRuleAfterHours, 0)+IF(WEEKDAY(C204,2)>5, WRuleWeekend, 0)+IF(I204="Yes", WRulePEP, 0)+IF(COUNTIFS($C$5:$C$204,C204,$E$5:$E$204,E204)>10, WRuleVelocity, 0) -> 30 | M204: =IF(L204>=SARThreshold,"REVIEW","OK") -> OK

Sheet Dashboard
B2: AML COMPLIANCE DASHBOARD
B4: Total Transactions | D4: Total Volume | F4: Flagged Count | H4: Flagged Volume
B5: =COUNTA(Transactions!B5:B204) -> 200 | D5: =SUM(Transactions!F5:F204) -> 1563352 | F5: =COUNTIF(Transactions!M5:M204,"REVIEW") -> 76 | H5: =SUMIF(Transactions!M5:M204,"REVIEW",Transactions!F5:F204) -> 1026672
B9: VOLUME BY COUNTRY TIER | G9: TOP 10 RISK-SCORED TRANSACTIONS
B10: Tier | C10: Txn Count | D10: Total $ Volume | E10: Flagged Count | G10: Rank | H10: Txn ID | I10: Risk Score
B11: Low | C11: =SUMPRODUCT((VLOOKUP(Transactions!$H$5:$H$204,Reference!$B$4:$C$24,2,FALSE())="Low")*1) -> 67 | D11: =SUMPRODUCT((VLOOKUP(Transactions!$H$5:$H$204,Reference!$B$4:$C$24,2,FALSE())="Low")*Transactions!$F$5:$F$204) -> 621819 | E11: =SUMPRODUCT((VLOOKUP(Transactions!$H$5:$H$204,Reference!$B$4:$C$24,2,FALSE())="Low")*(Transactions!$M$5:$M$204="REVIEW")) -> 8 | G11: 1 | H11: =INDEX(Transactions!$B$5:$B$204, MATCH(LARGE(Transactions!$L$5:$L$204,1), Transactions!$L$5:$L$204, 0)) -> TXN-10171 | I11: =LARGE(Transactions!$L$5:$L$204,1) -> 110
B12: Medium | C12: =SUMPRODUCT((VLOOKUP(Transactions!$H$5:$H$204,Reference!$B$4:$C$24,2,FALSE())="Medium")*1) -> 56 | D12: =SUMPRODUCT((VLOOKUP(Transactions!$H$5:$H$204,Reference!$B$4:$C$24,2,FALSE())="Medium")*Transactions!$F$5:$F$204) -> 412886 | E12: =SUMPRODUCT((VLOOKUP(Transactions!$H$5:$H$204,Reference!$B$4:$C$24,2,FALSE())="Medium")*(Transactions!$M$5:$M$204="REVIEW")) -> 14 | G12: 2 | H12: =INDEX(Transactions!$B$5:$B$204, MATCH(LARGE(Transactions!$L$5:$L$204,2), Transactions!$L$5:$L$204, 0)) -> TXN-10144 | I12: =LARGE(Transactions!$L$5:$L$204,2) -> 108
B13: High | C13: =SUMPRODUCT((VLOOKUP(Transactions!$H$5:$H$204,Reference!$B$4:$C$24,2,FALSE())="High")*1) -> 41 | D13: =SUMPRODUCT((VLOOKUP(Transactions!$H$5:$H$204,Reference!$B$4:$C$24,2,FALSE())="High")*Transactions!$F$5:$F$204) -> 290340 | E13: =SUMPRODUCT((VLOOKUP(Transactions!$H$5:$H$204,Reference!$B$4:$C$24,2,FALSE())="High")*(Transactions!$M$5:$M$204="REVIEW")) -> 21 | G13: 3 | H13: =INDEX(Transactions!$B$5:$B$204, MATCH(LARGE(Transactions!$L$5:$L$204,3), Transactions!$L$5:$L$204, 0)) -> TXN-10112 | I13: =LARGE(Transactions!$L$5:$L$204,3) -> 105
B14: Sanctioned | C14: =SUMPRODUCT((VLOOKUP(Transactions!$H$5:$H$204,Reference!$B$4:$C$24,2,FALSE())="Sanctioned")*1) -> 36 | D14: =SUMPRODUCT((VLOOKUP(Transactions!$H$5:$H$204,Reference!$B$4:$C$24,2,FALSE())="Sanctioned")*Transactions!$F$5:$F$204) -> 238307 | E14: =SUMPRODUCT((VLOOKUP(Transactions!$H$5:$H$204,Reference!$B$4:$C$24,2,FALSE())="Sanctioned")*(Transactions!$M$5:$M$204="REVIEW")) -> 33 | G14: 4 | H14: =INDEX(Transactions!$B$5:$B$204, MATCH(LARGE(Transactions!$L$5:$L$204,4), Transactions!$L$5:$L$204, 0)) -> TXN-10100 | I14: =LARGE(Transactions!$L$5:$L$204,4) -> 100
G15: 5 | H15: =INDEX(Transactions!$B$5:$B$204, MATCH(LARGE(Transactions!$L$5:$L$204,5), Transactions!$L$5:$L$204, 0)) -> TXN-10100 | I15: =LARGE(Transactions!$L$5:$L$204,5) -> 100
G16: 6 | H16: =INDEX(Transactions!$B$5:$B$204, MATCH(LARGE(Transactions!$L$5:$L$204,6), Transactions!$L$5:$L$204, 0)) -> TXN-10100 | I16: =LARGE(Transactions!$L$5:$L$204,6) -> 100
G17: 7 | H17: =INDEX(Transactions!$B$5:$B$204, MATCH(LARGE(Transactions!$L$5:$L$204,7), Transactions!$L$5:$L$204, 0)) -> TXN-10120 | I17: =LARGE(Transactions!$L$5:$L$204,7) -> 98
G18: 8 | H18: =INDEX(Transactions!$B$5:$B$204, MATCH(LARGE(Transactions!$L$5:$L$204,8), Transactions!$L$5:$L$204, 0)) -> TXN-10136 | I18: =LARGE(Transactions!$L$5:$L$204,8) -> 95
G19: 9 | H19: =INDEX(Transactions!$B$5:$B$204, MATCH(LARGE(Transactions!$L$5:$L$204,9), Transactions!$L$5:$L$204, 0)) -> TXN-10136 | I19: =LARGE(Transactions!$L$5:$L$204,9) -> 95
G20: 10 | H20: =INDEX(Transactions!$B$5:$B$204, MATCH(LARGE(Transactions!$L$5:$L$204,10), Transactions!$L$5:$L$204, 0)) -> TXN-10072 | I20: =LARGE(Transactions!$L$5:$L$204,10) -> 93

Sheet VBA_Code
B2: VBA MACROS — SAR Queue Builder & Export
B3: Import AMLMacros.bas via Alt+F11 → File → Import File.
B5: Option Explicit ' ============================================================ ' AMLMacros.bas — Kartik Joshi ' AML/KYC monitoring — SAR queue builder + threshold tuner ' ============================================================ Public Sub BuildSARQueue() Dim txns As Worksheet, sar As Worksheet, i As Long, outRow As Long Set txns = ThisWorkbook.Worksheets("Transactions") On Error Resume Next Application.DisplayAlerts = False ThisWorkbook.Worksheets("SAR_Queue").Delete Application.DisplayAlerts = True On Error GoTo 0 Set sar = ThisWorkbook.Worksheets.Add(After:= _ ThisWorkbook.Worksheets(ThisWorkbook.Worksheets.Count)) sar.Name = "SAR_Queue" sar.Range("B2").Value = "SUSPICIOUS ACTIVITY REPORT — QUEUE" sar.Range("B2").Font.Bold = True sar.Range("B2").Font.Size = 14 Dim headers As Variant headers = Array("Txn ID", "Date", "Time", "Customer", "Amount", "Type", _ "Country", "PEP", "Risk Score", "Priority") Dim j As Integer For j = LBound(headers) To UBound(headers) sar.Cells(4, 2 + j).Value = headers(j) sar.Cells(4, 2 + j).Font.Bold = True sar.Cells(4, 2 + j).Interior.Color = RGB(27, 42, 73) sar.Cells(4, 2 + j).Font.Color = RGB(255, 255, 255) Next j outRow = 5 For i = 5 To 204 If CStr(txns.Cells(i, 13).Value) = "REVIEW" Then sar.Cells(outRow, 2).Value = txns.Cells(i, 2).Value sar.Cells(outRow, 3).Value = txns.Cells(i, 3).Value sar.Cells(outRow, 3).NumberFormat = "yyyy-mm-dd" sar.Cells(outRow, 4).Value = txns.Cells(i, 4).Value sar.Cells(outRow, 5).Value = txns.Cells(i, 5).Value sar.Cells(outRow, 6).Value = txns.Cells(i, 6).Value sar.Cells(outRow, 6).NumberFormat = "$#,##0" sar.Cells(outRow, 7).Value = txns.Cells(i, 7).Value sar.Cells(outRow, 8).Value = txns.Cells(i, 8).Value sar.Cells(outRow, 9).Value = txns.Cells(i, 9).Value sar.Cells(outRow, 10).Value = txns.Cells(i, 12).Value Dim score As Double: score = txns.Cells(i, 12).Value If score >= 90 Then sar.Cells(outRow, 11).Value = "P1 — Escalate" sar.Cells(outRow, 11).Interior.Color = RGB(231, 76, 60) sar.Cells(outRow, 11).Font.Color = RGB(255, 255, 255) ElseIf score >= 75 Then sar.Cells(outRow, 11).Value = "P2 — Investigate" sar.Cells(outRow, 11).Interior.Color = RGB(230, 126, 34) Else sar.Cells(outRow, 11).Value = "P3 — Review" sar.Cells(outRow, 11).Interior.Color = RGB(241, 196, 15) End If outRow = outRow + 1 End If Next i sar.Columns("B:K").AutoFit MsgBox (outRow - 5) & " transactions flagged and added to SAR Queue.", vbInformation End Sub Public Sub TuneThreshold() Dim newVal As Variant newVal = InputBox("Enter new SAR threshold score (0-100):", "Tune SAR Threshold", 60) If IsNumeric(newVal) And newVal >= 0 And newVal <= 100 Then ThisWorkbook.Worksheets("Reference").Range("SARThreshold").Value = CDbl(newVal) Application.Calculate MsgBox "Threshold updated to " & newVal & ".", vbInformation Else MsgBox "Invalid value. Threshold unchanged.", vbExclamation End If End Sub
